"coded_country","affAnx","affBor","affCalm","affContent","affDepr","affEnerg","affExc","affNerv","affExh","affInsp","affRel","PLRAC19","PLRAEco","disc01","disc02","disc03","jbInsec01","jbInsec02","jbInsec03","jbInsec04","employstatus_1","employstatus_2","employstatus_3","employstatus_4","employstatus_5","employstatus_6","employstatus_7","employstatus_8","employstatus_9","employstatus_10","PFS01","PFS02","PFS03","fail01","fail02","fail03","happy","lifeSat","MLQ","c19NormShould","c19NormDo","c19IsStrict","c19IsPunish","c19IsOrg","trustGovCtry","trustGovState","gender","age","edu","c19ProSo01","c19ProSo02","c19ProSo03","c19ProSo04"
"",2.87820512820513,3.08333333333333,3.06410256410256,2.92307692307692,2.33333333333333,2.78846153846154,2.19871794871795,2.63461538461538,2.71153846153846,2.47435897435897,2.91666666666667,3.74358974358974,4.26282051282051,0.480769230769231,0.647435897435897,-0.237179487179487,-0.217948717948718,0.435897435897436,0.128205128205128,-0.288461538461538,0.198717948717949,0.134615384615385,0.147435897435897,0.0641025641025641,0.0576923076923077,0.102564102564103,0.0512820512820513,0.0256410256410256,0.378205128205128,0.0256410256410256,-0.0128205128205128,0.384615384615385,-0.16025641025641,0.0192307692307692,-0.346153846153846,0.384615384615385,6.1474358974359,4.28846153846154,1.11538461538462,1.46153846153846,1.02564102564103,4.11538461538461,3.79487179487179,3.92307692307692,3,3,1.46153846153846,2.16025641025641,4.60897435897436,0.717948717948718,1.02564102564103,0.544871794871795,0.807692307692308
"Albania",1.5,3,3.5,1.5,1.5,2.5,2.5,2,2,3.5,3,3.5,6,1,1,0,0.5,0,0.5,-0.5,0.5,0,0,0.5,0,0,0,0,0,0,0.5,1.5,1,1.5,1,1,8.5,4.5,1,2,1.5,4,3.5,3.5,3.5,2.5,1,3,6,-1,0.5,0.5,0.5
"Algeria",2.94166666666667,2.94166666666667,2.69166666666667,2.71666666666667,2.28333333333333,2.65833333333333,2.11666666666667,2.775,2.325,2.26666666666667,2.325,3.69166666666667,3.9,0.991666666666667,0.95,-0.808333333333333,-0.583333333333333,0.658333333333333,-0.241666666666667,-0.416666666666667,0.225,0.15,0.258333333333333,0.0666666666666667,0.0333333333333333,0.125,0.0166666666666667,0.00833333333333333,0.125,0.0583333333333333,0.075,0.533333333333333,-0.133333333333333,0.25,0.05,0.291666666666667,5.61666666666667,4.19166666666667,1.54166666666667,2.59166666666667,0.991666666666667,3.63333333333333,3.46666666666667,3.21666666666667,3.03333333333333,2.95,1.64166666666667,2.49166666666667,4.825,1.3,1.66666666666667,1.01666666666667,1.34166666666667
"Andorra",1,3,4,3,1,3,3,1,1,3,3,4,4,-1,-1,1,-2,2,-2,-2,0,0,1,0,0,0,0,0,0,0,-1,1,-1,0,-1,0,8,5,1,0,0,3,3,3,3,3,1,4,3,2,2,2,2
"Argentina",2.85476718403548,2.69179600886918,2.93791574279379,2.6119733924612,2.01330376940133,2.29046563192905,2.20509977827051,2.46784922394678,2.27161862527716,2.52328159645233,2.66518847006652,3.52993348115299,4.6330376940133,0.660753880266075,0.952328159645233,-0.347006651884701,-0.310421286031042,0.366962305986696,0.348115299334812,-0.66629711751663,0.223946784922395,0.17960088691796,0.238359201773836,0.135254988913525,0.0465631929046563,0.107538802660754,0.0909090909090909,0.0110864745011086,0.118625277161863,0.0188470066518847,0.195121951219512,0.700665188470067,0.158536585365854,0.057649667405765,-0.155210643015521,0.547671840354767,6.8059866962306,4.21729490022173,0.954545454545455,1.91241685144124,1.990022172949,4.48891352549889,4.12749445676275,4.05432372505543,3.24722838137472,3.10088691796009,1.44789356984479,3.1940133037694,3.83592017738359,0.894678492239468,0.58980044345898,0.573170731707317,1.34368070953437
"Australia",2.58189081225033,2.69640479360852,2.95073235685752,2.69507323568575,2.19440745672437,2.48735019973369,1.94673768308921,2.33555259653795,2.49933422103862,2.25832223701731,2.8375499334221,3.34753661784288,4.26231691078562,0.476697736351531,0.691078561917443,-0.173102529960053,-0.209054593874834,0.279627163781624,0.151797603195739,-0.399467376830892,0.166444740346205,0.210386151797603,0.178428761651132,0.105193075898802,0.0532623169107856,0.0719041278295606,0.175765645805593,0.0426098535286285,0.0692410119840213,0.0119840213049268,0.0505992010652463,0.66844207723036,-0.242343541944075,-0.173102529960053,-0.174434087882823,0.174434087882823,6.14247669773635,3.94673768308921,0.451398135818908,1.98934753661784,1.42876165113182,4.43541944074567,4,4.30226364846871,3.32090545938748,3.24500665778961,1.46870838881491,3.60053262316911,3.98535286284953,0.837549933422104,0.330226364846871,0.431424766977364,1.48601864181092
"Austria",2.60606060606061,1.84848484848485,3.24242424242424,2.93939393939394,2.42424242424242,3.15151515151515,2.3030303030303,2.54545454545455,2.84848484848485,3.15151515151515,2.78787878787879,3.78787878787879,3.63636363636364,0.393939393939394,0.848484848484849,-0.303030303030303,-0.787878787878788,0.787878787878788,-0.393939393939394,-1.33333333333333,0.242424242424242,0.181818181818182,0.454545454545455,0.0606060606060606,0.0303030303030303,0.0303030303030303,0.0606060606060606,0,0.0303030303030303,0,-0.424242424242424,0.0303030303030303,-0.96969696969697,-0.939393939393939,-1,0.0303030303030303,7,4.81818181818182,0.96969696969697,2.21212121212121,1.96969696969697,4.72727272727273,4.03030303030303,4.84848484848485,3.39393939393939,3.51515151515152,1.39393939393939,2.48484848484848,5.66666666666667,1.63636363636364,0.575757575757576,1.36363636363636,1.90909090909091
"Azerbaijan",3,2.5,3.5,3.5,1.5,3.5,2.5,2,3,4,3.5,5.5,7,0.5,0.5,-0.5,-1.5,1.5,-1.5,-2,0.5,0,0.5,0,0,0,0,0,0.5,0,0,1,-0.5,-0.5,-1,1.5,7.5,4,1.5,1,-0.5,3.5,5.5,3.5,4,3,1.5,1.5,5.5,2,2,0,0.5
"Bahrain",2.8,1.6,3,2.8,2,3,3,2,2.2,3.4,3,3.2,4.6,0.4,0.4,-0.2,-0.2,0,0.2,-0.6,0.2,0,0,0.4,0,0.2,0,0,0,0,0.4,0,0.6,-1,-1,-0.2,7.4,4.2,1.2,2,0.6,4.2,4,4.2,3.4,2.8,1.8,2.8,4.6,2.2,2,1.6,1.6
"Bangladesh",3.1505376344086,2.95698924731183,2.93548387096774,2.52688172043011,2.78494623655914,2.58064516129032,2.09677419354839,3.04301075268817,2.89247311827957,2.1505376344086,2.44086021505376,4.16129032258065,5.3010752688172,0.741935483870968,1.39784946236559,-1.03225806451613,-0.043010752688172,0.172043010752688,0.440860215053763,-0.473118279569892,0.172043010752688,0.0967741935483871,0.139784946236559,0.182795698924731,0.043010752688172,0.0645161290322581,0.032258064516129,0,0.548387096774194,0.0752688172043011,0.354838709677419,0.881720430107527,0.526881720430108,0.752688172043011,0.225806451612903,0.505376344086022,5.61290322580645,3.91397849462366,0.89247311827957,2.27956989247312,1.32258064516129,3.38709677419355,2.87096774193548,2.86021505376344,2.46236559139785,2.43010752688172,1.64516129032258,1.6989247311828,4.97849462365591,1.34408602150538,1.63440860215054,0.806451612903226,1.10752688172043
"Belarus",2.66666666666667,2.33333333333333,3,3,1.66666666666667,3,2,2,1.33333333333333,2,2.33333333333333,3,5.66666666666667,0.333333333333333,0.666666666666667,-0.333333333333333,-1.33333333333333,-0.333333333333333,0.666666666666667,-1,0,0,0.666666666666667,0.333333333333333,0,0,0,0,0,0,0,1,-0.666666666666667,-0.666666666666667,-1,-0.666666666666667,7.66666666666667,4,-1,1,0,3,2,3,2.66666666666667,3.66666666666667,1.33333333333333,3,6,2,0.666666666666667,1.33333333333333,1.33333333333333
"Belgium",2.71428571428571,2.26190476190476,3.02380952380952,2.64285714285714,2.23809523809524,2.52380952380952,2.45238095238095,2.78571428571429,2.80952380952381,2.52380952380952,2.54761904761905,4.09523809523809,4.02380952380952,0.619047619047619,0.976190476190476,-0.357142857142857,-0.761904761904762,0.69047619047619,-0.333333333333333,-1.14285714285714,0.19047619047619,0.19047619047619,0.285714285714286,0.0952380952380952,0.0238095238095238,0.0238095238095238,0.0476190476190476,0.0476190476190476,0.119047619047619,0.0238095238095238,-0.69047619047619,0.0952380952380952,-1.02380952380952,-0.642857142857143,-0.904761904761905,0.0476190476190476,6.57142857142857,4.47619047619048,0.571428571428571,2.57142857142857,1.69047619047619,4.19047619047619,3.30952380952381,4.19047619047619,3.02380952380952,3.04761904761905,1.23809523809524,2.64285714285714,5.42857142857143,1.30952380952381,0.857142857142857,0.976190476190476,1.78571428571429
"Benin",2,1,3,3,1,4,4,1,1,3,5,2,5,0,0,0,-2,2,-2,0,0,0,0,0,0,0,0,0,0,0,0,0,0,-2,-2,1,8,5,3,3,-3,4,2,3,3,3,1,5,6,0,1,-1,1
"Bosnia and Herzegovina",3,2.2,2.3,3,2.2,2.9,2.9,3.3,2.9,2.4,2.9,3.2,4.7,0.9,0.9,-1,-0.6,0.6,0.5,-1.6,0.1,0,0.6,0,0,0.1,0,0,0.3,0,0.4,0.5,-0.9,0.4,-0.4,0.8,6.8,4.2,1.1,2.8,1.3,4.5,3.4,3.3,3.5,2.9,1.3,2.1,5,0.9,1.1,0.5,0.1
"Botswana",3,1,3,3,3,3,3,4,3,3,3,4,5,0,1,-1,0,0,0,0,1,0,0,0,0,0,0,0,1,0,0,1,0,-1,0,0,8,5,2,3,2,5,6,4,3,3,1,2,5,0,3,1,1
"Brazil",3.03280542986425,2.58597285067873,2.61538461538462,2.50565610859729,2.23190045248869,2.3868778280543,2.16515837104072,2.65837104072398,2.44796380090498,2.36990950226244,2.42081447963801,3.32918552036199,4.4841628959276,0.657239819004525,1.11990950226244,-0.690045248868778,-0.257918552036199,0.290723981900453,0.278280542986425,-0.614253393665158,0.177601809954751,0.182126696832579,0.271493212669683,0.118778280542986,0.0475113122171946,0.084841628959276,0.118778280542986,0.00452488687782805,0.0927601809954751,0.0192307692307692,0.26131221719457,1.0316742081448,0.107466063348416,0.160633484162896,-0.408371040723982,0.369909502262443,6.90837104072398,4.11877828054299,1.06900452488688,2.01470588235294,0.957013574660634,3.85972850678733,2.91176470588235,3.72511312217195,2.59954751131222,2.84502262443439,1.42873303167421,3.15158371040724,3.80656108597285,1.19570135746606,1.4185520361991,0.839366515837104,1.75904977375566
"Brunei",2.5,1.5,3,3,2,2.5,2.5,1.5,3.5,2.5,3.5,4.5,4.5,1.5,1,0,-0.5,0.5,1,-1,0,0,0.5,0,0,0,0,0,0.5,0,0.5,1,0,-2,-1.5,0,5.5,4,0,2.5,2.5,5.5,5,4,4.5,3.5,1.5,1.5,4.5,1.5,2,1,2
"Bulgaria",1.83333333333333,2.16666666666667,3.66666666666667,3.16666666666667,2,3.16666666666667,2.16666666666667,2,2.33333333333333,3,2.83333333333333,3.33333333333333,4.5,0.666666666666667,0.833333333333333,-0.333333333333333,-0.333333333333333,0.833333333333333,0.5,-1.16666666666667,0,0,0.5,0,0.166666666666667,0,0,0,0.333333333333333,0,-0.5,0,-0.5,0.333333333333333,-0.5,-0.166666666666667,7.66666666666667,4.83333333333333,1.33333333333333,2.16666666666667,1.33333333333333,4.33333333333333,3.5,3.66666666666667,2.83333333333333,2.5,1.33333333333333,2.16666666666667,5.33333333333333,1.5,-0.333333333333333,0.833333333333333,1.16666666666667
"Cameroon",4,4,3,1,2,2,1,1,2,1,2,4,7,1,2,-1,0,0,0,0,0,0,0,0,0,0,0,0,1,0,2,2,1,0,0,2,6,3,2,3,-1,6,1,1,3,3,2,1,4,2,3,3,1
"Canada",2.81315240083507,2.79331941544885,2.77870563674322,2.54801670146138,2.2286012526096,2.34655532359081,1.93006263048017,2.61586638830898,2.53027139874739,2.15344467640919,2.63256784968685,3.56576200417537,4.419624217119,0.632567849686848,0.846555323590814,-0.319415448851775,-0.302713987473904,0.362212943632568,0.107515657620042,-0.487473903966597,0.108559498956159,0.221294363256785,0.276617954070981,0.0855949895615866,0.0657620041753653,0.0542797494780793,0.146137787056367,0.0323590814196242,0.113778705636743,0.0240083507306889,-0.0281837160751566,0.623173277661795,-0.319415448851775,-0.324634655532359,-0.448851774530271,0.296450939457203,6.14718162839248,4.10855949895616,0.505219206680585,2.22338204592902,1.46659707724426,4.20563674321503,3.26931106471816,4.20668058455115,3.30897703549061,3.23903966597077,1.47494780793319,3.339248434238,4.17432150313152,0.806889352818372,0.389352818371608,0.481210855949896,1.74008350730689
"Chile",3.42081447963801,2.71945701357466,2.49321266968326,2.40723981900452,2.43891402714932,2.01357466063348,2.25339366515837,2.93212669683258,3.12217194570136,2.21266968325792,2.13122171945701,4.41628959276018,4.61990950226244,1.00904977375566,1.21719457013575,-1.09954751131222,-0.257918552036199,0.190045248868778,0.48868778280543,-0.53393665158371,0.18552036199095,0.122171945701357,0.334841628959276,0.108597285067873,0.0316742081447964,0.158371040723982,0.0226244343891403,0.00904977375565611,0.221719457013575,0.0497737556561086,-0.117647058823529,0.556561085972851,-0.226244343891403,0.683257918552036,-0.393665158371041,0.764705882352941,6.67420814479638,4.37556561085973,0.864253393665158,2.37556561085973,2.09502262443439,3.26244343891403,2.69230769230769,3,2.20361990950226,2.95927601809955,1.27149321266968,2.83710407239819,5.02714932126697,1.4027149321267,1.19004524886878,1.1131221719457,2.1131221719457
"China",2.23686920700309,2.56333676622039,3.34191555097837,3.14624098867147,1.90834191555098,3.27806385169928,2.61688980432544,2.20288362512873,2.52523171987642,2.88362512873326,3.10607621009269,2.32337796086509,4.09268795056643,0.0988671472708548,0.27600411946447,0.540679711637487,-0.808444902162719,0.164778578784758,-0.591143151390319,-0.386199794026777,0.0514933058702369,0.203913491246138,0.426364572605561,0.0453141091658084,0.0133882595262616,0.0504634397528321,0.00720906282183316,0.00205973223480947,0.185375901132853,0.0102986611740474,-0.0762100926879506,0.561277033985582,-0.43254376930999,-0.712667353244078,-0.84140061791967,-0.104016477857878,6.40782698249228,4.02986611740474,0.978372811534501,1.83213182286303,1.79093717816684,5.09886714727085,4.67971163748713,5.14006179196704,3,3,1.47579814624099,2.43872296601442,4.33058702368692,1.20700308959835,1.50669412976313,1.03707518022657,0.795056642636457
"Colombia",3,1.91666666666667,3.04166666666667,2.5,2.08333333333333,2.625,2.20833333333333,2.79166666666667,2.66666666666667,2.375,2.58333333333333,3.75,4.54166666666667,0.541666666666667,0.916666666666667,-0.666666666666667,-0.375,0.458333333333333,0.0416666666666667,-0.833333333333333,0.0416666666666667,0.0416666666666667,0.625,0.0833333333333333,0.0833333333333333,0.208333333333333,0.0833333333333333,0,0.166666666666667,0.0833333333333333,0.125,0.458333333333333,-0.0416666666666667,0.125,-0.833333333333333,0.291666666666667,6.75,4.79166666666667,1.58333333333333,2.16666666666667,1.83333333333333,4,3.20833333333333,3.25,3.16666666666667,2.95833333333333,1.29166666666667,3.33333333333333,5.33333333333333,0.875,1.08333333333333,0.666666666666667,1.79166666666667
"Costa Rica",2.2,2.8,2.8,2.4,1.8,2.6,1.6,2,2.6,1.8,2.8,3.2,3.2,0.8,0.8,-0.4,-0.6,0.8,-0.4,-1.2,0.2,0,0.4,0,0,0.2,0.2,0,0,0,-1.6,0.6,-1.4,-0.2,-1.4,0.8,7.6,4.6,1,2.4,2.2,5.2,3.2,4.8,3.2,2.8,1.4,4,4.6,1.8,2,1.2,1.6
"Croatia",2.865,2.365,2.875,2.745,2.185,2.56,2.32,2.89,2.745,2.415,2.69,3.17,4.6,0.465,0.785,-0.745,-0.58,0.48,-0.01,-0.9,0.085,0.055,0.415,0.02,0.04,0.04,0.025,0.005,0.395,0.025,-0.21,0.305,-0.785,-0.155,-0.79,0.61,6.72,4.48,1.655,1.89,1.535,4.84,3.875,4.74,3.72,3.405,1.23,2.18,4.635,1.18,0.8,0.455,0.79
"Cyprus",3.06818181818182,2.70454545454545,3.13636363636364,2.77272727272727,2.68181818181818,3.04545454545455,2.20454545454545,2.75,2.68181818181818,2.75,2.88636363636364,4.04545454545455,4.86363636363636,0.477272727272727,0.840909090909091,-0.590909090909091,-0.772727272727273,0.75,0.227272727272727,-1.22727272727273,0.227272727272727,0.25,0.227272727272727,0,0,0.0227272727272727,0,0.0227272727272727,0.295454545454545,0.0227272727272727,0.0227272727272727,0.340909090909091,-0.295454545454545,0.295454545454545,-0.431818181818182,0.522727272727273,6.29545454545455,4.70454545454545,1.13636363636364,2.34090909090909,1.31818181818182,4.31818181818182,4.15909090909091,3,2.61363636363636,2.81818181818182,1.25,2.65909090909091,5.31818181818182,1.27272727272727,0.386363636363636,1.29545454545455,1.84090909090909
"Czech Republic",2.78571428571429,2.35714285714286,2.92857142857143,2.78571428571429,1.92857142857143,2.92857142857143,2.28571428571429,2.57142857142857,2.21428571428571,2.28571428571429,2.92857142857143,3.78571428571429,5.07142857142857,0.214285714285714,0.571428571428571,0.0714285714285714,-0.571428571428571,0.5,-0.142857142857143,-1.28571428571429,0.142857142857143,0.214285714285714,0.285714285714286,0.0714285714285714,0,0.0714285714285714,0,0,0.285714285714286,0.142857142857143,-0.357142857142857,0.714285714285714,-0.5,-0.428571428571429,-0.428571428571429,0.642857142857143,6.64285714285714,4.57142857142857,1,1.85714285714286,1.71428571428571,4.57142857142857,3.71428571428571,4.64285714285714,3.28571428571429,3,1.5,2.78571428571429,5.64285714285714,1.07142857142857,0,0.857142857142857,1.42857142857143
"Denmark",2,2.58333333333333,3.33333333333333,3.08333333333333,1.75,2.66666666666667,2.33333333333333,2.41666666666667,2.83333333333333,2.41666666666667,3.16666666666667,3.66666666666667,2.83333333333333,0.333333333333333,0.333333333333333,0.333333333333333,-0.5,0.583333333333333,0,-1.16666666666667,0.0833333333333333,0.416666666666667,0.25,0,0.0833333333333333,0,0,0,0.166666666666667,0.0833333333333333,-1,-0.0833333333333333,-1.16666666666667,-1.08333333333333,-1.33333333333333,-0.0833333333333333,7.33333333333333,4.58333333333333,1.08333333333333,1.91666666666667,0.75,4.75,4.08333333333333,4.83333333333333,3,3.16666666666667,1.66666666666667,2.08333333333333,4.75,0.916666666666667,0.666666666666667,0.666666666666667,1.75
"Dominican Republic",2,2,3.5,3.25,1.75,2.75,2,2,2.75,2.75,3.25,2.75,3.75,0.25,1,-0.75,-0.5,1,-0.5,-0.5,0,0,1,0,0,0,0.25,0,0,0.25,0,0,-0.25,0.25,0.5,0.25,7.5,5,2.25,3,2.75,4.25,3.5,3.75,3.25,2.75,1.5,4.25,5.5,2.75,1.75,2,2.5
"Ecuador",4,3,3,3,2,2.33333333333333,2.33333333333333,3.33333333333333,2.33333333333333,1.33333333333333,2.66666666666667,4,5,0.666666666666667,0.666666666666667,-1,-0.333333333333333,0.333333333333333,0,-0.666666666666667,0.333333333333333,0.333333333333333,0,0,0,0,0.333333333333333,0,0,0,1,1.33333333333333,0.666666666666667,0,-1.33333333333333,-0.333333333333333,5.66666666666667,4.33333333333333,0.666666666666667,2.66666666666667,1,5.66666666666667,5.33333333333333,3.66666666666667,3,3.33333333333333,1.33333333333333,3.66666666666667,6.33333333333333,2.33333333333333,2,2,2.66666666666667
"Egypt",3.15844544095665,3.61733931240658,2.77877428998505,3.34828101644245,2.95814648729447,2.49775784753363,2.29895366218236,3.01494768310912,3.14499252615845,2.25112107623318,2.56651718983558,3.8101644245142,4.24813153961136,1.19282511210762,1.00896860986547,-0.584454409566517,-0.162929745889387,0.273542600896861,0.397608370702541,-0.158445440956652,0.062780269058296,0.0418535127055306,0.0597907324364723,0.0732436472346786,0.0254110612855007,0.0911808669656203,0.0209267563527653,0.00149476831091181,0.657698056801196,0.0254110612855007,0.336322869955157,0.704035874439462,0.10762331838565,0.116591928251121,-0.0358744394618834,0.472346786248132,5.23617339312407,4.40209267563528,1.18535127055306,2.04484304932735,0.0418535127055306,3.55904334828102,3.32735426008969,3.1270553064275,3.13751868460389,2.89536621823617,1.18236173393124,1.3168908819133,3.94020926756353,0.93423019431988,1.50822122571001,0.857997010463378,0.917787742899851
"El Salvador",2.8,3.4,2.86666666666667,2.46666666666667,2,2.03333333333333,1.96666666666667,2.53333333333333,2.5,2.3,2.86666666666667,3.83333333333333,4.8,1.2,1.1,-0.633333333333333,0,0.2,0.0666666666666667,-0.4,0.1,0.0333333333333333,0.1,0.0666666666666667,0.0333333333333333,0.0333333333333333,0.0333333333333333,0,0.766666666666667,0,-0.233333333333333,0.333333333333333,0.0333333333333333,-0.533333333333333,-0.8,0.6,7.3,4.53333333333333,1.53333333333333,2.16666666666667,2.33333333333333,3.7,4,3.33333333333333,3.5,2.3,1.36666666666667,1.16666666666667,4,0.633333333333333,1.56666666666667,1.06666666666667,1.76666666666667
"Estonia",3,1,2.66666666666667,2,2,2.33333333333333,2.33333333333333,2.66666666666667,2,2,1.66666666666667,4.66666666666667,3,0.666666666666667,0.666666666666667,-0.333333333333333,-1.66666666666667,1.33333333333333,-1,-2,0,0.666666666666667,0.333333333333333,0,0,0,0,0,0,0,-2,-0.666666666666667,-2,-0.333333333333333,0,-1.33333333333333,6.66666666666667,4.33333333333333,0,2.66666666666667,-0.333333333333333,5,3,4,3,3.66666666666667,1,3,6.66666666666667,1.66666666666667,1,1.66666666666667,2
"Ethiopia",2,4,3,2,3,2,2,3,3,1,3,4,5,1,1,-1,0,0,0,-2,0,1,0,0,0,0,0,0,0,0,0,1,0,1,1,1,5,4,1,1,2,3,4,4,2,2,2,3,7,1,1,-2,-2
"Finland",2.54545454545455,2.45454545454545,2.81818181818182,2.72727272727273,2.09090909090909,2.36363636363636,1.81818181818182,2.36363636363636,1.90909090909091,2.09090909090909,2.36363636363636,3.27272727272727,3.72727272727273,0.363636363636364,0.454545454545455,-0.0909090909090909,-0.909090909090909,0.818181818181818,-0.363636363636364,-0.818181818181818,0,0.363636363636364,0.272727272727273,0,0,0.0909090909090909,0.0909090909090909,0,0.272727272727273,0,-0.909090909090909,0,-1.27272727272727,-0.909090909090909,-1.18181818181818,-0.0909090909090909,6.72727272727273,4.45454545454545,0.909090909090909,2.54545454545455,1.36363636363636,3.81818181818182,2.45454545454545,4,3.54545454545455,3.09090909090909,1.18181818181818,2.54545454545455,5,0.727272727272727,0.727272727272727,0.545454545454545,1.09090909090909
"France",2.46689895470383,2.33275261324042,3.04268292682927,2.60104529616725,2.01567944250871,2.65766550522648,2.35452961672474,2.29442508710801,2.2212543554007,2.43989547038328,2.73519163763066,3.94599303135888,4.03919860627178,0.77787456445993,0.883275261324042,-0.621951219512195,-0.547909407665505,0.548780487804878,-0.191637630662021,-0.648954703832753,0.078397212543554,0.336236933797909,0.166376306620209,0.0722996515679443,0.0304878048780488,0.0513937282229965,0.215156794425087,0.0209059233449477,0.0905923344947735,0.0174216027874564,-0.378919860627178,0.195993031358885,-0.499128919860627,-0.128919860627178,-0.610627177700348,0.148954703832753,6.2404181184669,4.32752613240418,0.555749128919861,2.08362369337979,0.993031358885017,4.03571428571429,3.5801393728223,3.6602787456446,2.63763066202091,2.99303135888502,1.44163763066202,3.57926829268293,4.36759581881533,0.823170731707317,0.0749128919860627,0.201219512195122,1.30662020905923
"Georgia",3,2.5,3,2.25,2,2.5,1.75,3.25,1.75,1.75,2,3,3.75,0.5,0.5,0.25,-0.5,0,0.25,-0.75,0.75,0,0,0,0.25,0,0,0,0.25,0,-0.75,-0.5,-1.25,-0.75,-1,0,6,3.75,0.5,1.75,1.25,5,4,4.5,4,3.75,1.25,4.5,6.5,1.25,1.5,1.25,1.25
"Germany",2.21661998132586,2.30532212885154,3.04481792717087,2.83099906629318,2.16526610644258,2.81512605042017,2.26797385620915,2.18487394957983,2.36414565826331,2.45845004668534,2.86274509803922,3.57422969187675,3.53781512605042,0.377217553688142,0.580765639589169,-0.207282913165266,-0.644257703081233,0.57516339869281,-0.266106442577031,-0.866479925303455,0.150326797385621,0.235294117647059,0.240896358543417,0.0485527544351074,0.0354808590102708,0.0494864612511671,0.188608776844071,0.0196078431372549,0.122315592903828,0.0242763772175537,-0.418300653594771,-0.069094304388422,-0.738562091503268,-0.413632119514472,-0.627450980392157,0.252100840336134,6.28197945845005,4.19794584500467,0.666666666666667,1.32306255835668,0.936507936507937,3.85527544351074,3.49019607843137,3.95891690009337,3.21942110177404,3.14659197012138,1.43977591036415,3.49019607843137,4.15126050420168,1.03734827264239,0.146591970121382,0.472455648926237,1.16153127917834
"Greece",2.92394215318693,2.94161756829138,3.14140332083557,2.60578468130691,2.5495447241564,2.91162292447777,2.05034815211569,2.6448848419925,2.28012854847349,2.65773968934119,2.98286020353508,4.08730583824317,5.07552222817354,0.37064809855383,0.921799678628816,-0.419925013390466,-0.369576861274772,0.364220674879486,0.250669523299411,-0.760042849491162,0.133369041242635,0.141403320835565,0.269416175682914,0.108194965184788,0.0717728976968399,0.0573111944295661,0.0755222281735404,0.00642742367434387,0.246384574183182,0.0208891269416176,0.245848955543653,0.74879485806106,-0.0562399571505088,-0.0358864488484199,-0.469201928227102,0.59775040171398,6.28173540439207,4.25549009105517,0.762720942688806,2.11837171933583,1.26405998928763,4.46652383502946,4.03749330476701,3.91162292447777,3.25120514193894,2.95554365291912,1.32672737011248,2.95232994108195,4.94001071237279,0.882163899303696,0.0701660417782539,0.597214783074451,1.5382967327263
"Guatemala",4,2,3,3,4,1,2,3,2,3,2,3,5,1,1,-1,0,0,0,0,0,0,0,1,0,1,0,0,0,0,1,2,0,-1,-1,1,6,3,-1,3,2,5,4,4,3,3,1,2,5,2,3,3,3
"Hong Kong S.A.R.",2.70984455958549,2.96891191709845,2.88082901554404,2.49740932642487,2.48704663212435,2.40932642487047,2.09326424870466,2.62176165803109,2.74611398963731,2.19170984455959,2.65284974093264,3.2279792746114,4.58031088082902,1.0880829015544,1.13989637305699,-1.09844559585492,-0.233160621761658,0.217616580310881,0.367875647668394,-0.549222797927461,0.160621761658031,0.124352331606218,0.227979274611399,0.0932642487046632,0.0362694300518135,0.0155440414507772,0.0103626943005181,0.0103626943005181,0.430051813471503,0.0518134715025907,-0.0155440414507772,0.647668393782383,-0.264248704663212,0.367875647668394,-0.33160621761658,0.766839378238342,5.57512953367876,3.45077720207254,-0.0518134715025907,1.63730569948187,0.849740932642487,3.47668393782383,3.40414507772021,3.49222797927461,2.04663212435233,2.76165803108808,1.3419689119171,2.00518134715026,4.94818652849741,0.880829015544041,0.409326424870466,0.55440414507772,0.160621761658031
"Hungary",2.75090252707581,2.29963898916967,2.93501805054152,2.54151624548736,2.76895306859206,2.61371841155235,2.23104693140794,2.74007220216606,2.58483754512635,2.54873646209386,2.99638989169675,3.90974729241877,4.21660649819495,0.794223826714801,0.84115523465704,-0.772563176895307,-0.415162454873646,0.24187725631769,-0.0794223826714801,-0.732851985559567,0.11913357400722,0.126353790613718,0.205776173285199,0.0505415162454874,0.0685920577617329,0.0541516245487365,0.0252707581227437,0,0.574007220216607,0.0324909747292419,-0.667870036101083,0.23826714801444,-0.624548736462094,-0.140794223826715,-0.859205776173285,0.122743682310469,6.5884476534296,4.31768953068592,0.895306859205776,1.83393501805054,1.22382671480144,3.92779783393502,2.81949458483755,4.01805054151625,2.5884476534296,3.46931407942238,1.1913357400722,1.82671480144404,3.92057761732852,0.570397111913357,0.101083032490975,0.660649819494585,1.15523465703971
"India",2.66176470588235,3.29411764705882,3.14705882352941,2.69117647058824,2.16176470588235,2.66176470588235,2.01470588235294,2.38235294117647,2.44117647058824,2.44117647058824,2.80882352941176,3.38235294117647,4.36764705882353,0.735294117647059,1.11764705882353,-0.5,-0.411764705882353,0.617647058823529,0.235294117647059,-0.779411764705882,0.117647058823529,0.132352941176471,0.367647058823529,0.102941176470588,0.0735294117647059,0.0147058823529412,0.0294117647058824,0,0.25,0.0147058823529412,-0.25,0.279411764705882,-0.661764705882353,-0.632352941176471,-1.10294117647059,0.0441176470588235,5.76470588235294,4.01470588235294,0.764705882352941,2.39705882352941,1.82352941176471,4.51470588235294,3.94117647058824,3.98529411764706,3.38235294117647,3.14705882352941,1.55882352941176,2.33823529411765,5.70588235294118,1.30882352941176,1.73529411764706,0.808823529411765,1.11764705882353
"Indonesia",2.97491525423729,3.33627118644068,3.10983050847458,2.57559322033898,2.12271186440678,3,2.82576271186441,2.29898305084746,2.58915254237288,2.92135593220339,3.04813559322034,3.60610169491525,4.70169491525424,0.764067796610169,0.747118644067797,-0.247457627118644,-0.56135593220339,0.693559322033898,-0.176271186440678,-0.715254237288136,0.170847457627119,0.164067796610169,0.219661016949153,0.0738983050847458,0.0467796610169492,0.148474576271186,0.016271186440678,0.00745762711864407,0.324067796610169,0.0216949152542373,0.166779661016949,0.68271186440678,0.0128813559322034,-0.0366101694915254,-0.599322033898305,0.581016949152542,6.95050847457627,4.37694915254237,1.55932203389831,2.22440677966102,1.64271186440678,4.30372881355932,3.60542372881356,4.15864406779661,3.47796610169492,3.2535593220339,1.51254237288136,2.32135593220339,3.91186440677966,1.33559322033898,1.71661016949153,0.844745762711864,1.05084745762712
"Iran",2.88725490196078,3.05392156862745,2.84313725490196,2.25490196078431,2.37254901960784,2.51960784313725,1.91176470588235,2.50980392156863,2.82352941176471,2.42156862745098,2.84313725490196,3.79411764705882,4.54901960784314,0.642156862745098,0.897058823529412,-1.06862745098039,-0.367647058823529,0.338235294117647,0.446078431372549,-0.602941176470588,0.122549019607843,0.132352941176471,0.147058823529412,0.0833333333333333,0.102941176470588,0.0931372549019608,0.0294117647058824,0.00490196078431373,0.259803921568627,0.0245098039215686,0.0343137254901961,0.82843137254902,0.0686274509803922,1.11274509803922,0.132352941176471,0.725490196078431,5.42156862745098,3.87254901960784,0.21078431372549,2.23039215686275,0.995098039215686,3.36274509803922,2.98529411764706,3.24019607843137,2.45588235294118,3.23529411764706,1.56372549019608,2.19607843137255,4.92156862745098,0.593137254901961,0.191176470588235,0.269607843137255,1.00490196078431
"Iraq",2.73684210526316,2.26315789473684,3.31578947368421,2.73684210526316,2.31578947368421,2.94736842105263,2.63157894736842,2.47368421052632,2.05263157894737,2.68421052631579,2.57894736842105,2.78947368421053,3.31578947368421,0.789473684210526,0.578947368421053,-0.526315789473684,-0.894736842105263,0.842105263157895,-0.105263157894737,-0.631578947368421,0.0526315789473684,0.157894736842105,0.210526315789474,0.105263157894737,0.0526315789473684,0.105263157894737,0.0526315789473684,0.0526315789473684,0.263157894736842,0.0526315789473684,0.157894736842105,0.421052631578947,0.263157894736842,0.894736842105263,0.421052631578947,0.526315789473684,5.31578947368421,4.42105263157895,1.57894736842105,2.52631578947368,1.36842105263158,3.94736842105263,3.36842105263158,3.52631578947368,2.94736842105263,2.94736842105263,1.84210526315789,2.94736842105263,4.52631578947368,0.842105263157895,1.63157894736842,0.631578947368421,0.842105263157895
"Ireland",2.66666666666667,2.14285714285714,3.0952380952381,2.71428571428571,2,2.57142857142857,1.76190476190476,2.52380952380952,2.57142857142857,2.47619047619048,2.57142857142857,3.85714285714286,3.47619047619048,0.571428571428571,1,-0.142857142857143,-0.666666666666667,0.761904761904762,-0.333333333333333,-0.571428571428571,0.0476190476190476,0.333333333333333,0.333333333333333,0.0476190476190476,0,0.0476190476190476,0.142857142857143,0.0476190476190476,0.142857142857143,0,-0.619047619047619,0.238095238095238,-0.857142857142857,-0.714285714285714,-0.857142857142857,-0.0952380952380952,6.47619047619048,4.19047619047619,0.80952380952381,2.52380952380952,1.52380952380952,4.38095238095238,3.14285714285714,4.38095238095238,3.33333333333333,3.14285714285714,1.28571428571429,2.9047619047619,5.09523809523809,1.38095238095238,1.47619047619048,1.38095238095238,2.23809523809524
"Israel",3.12962962962963,2.66666666666667,3.07407407407407,2.92592592592593,2.12962962962963,2.51851851851852,2.12962962962963,2.92592592592593,3.07407407407407,2.68518518518519,2.64814814814815,3.66666666666667,4.07407407407407,1.18518518518519,1.16666666666667,-0.648148148148148,-0.888888888888889,0.907407407407407,-0.333333333333333,-0.740740740740741,0.185185185185185,0.148148148148148,0.351851851851852,0.0740740740740741,0.0185185185185185,0.0740740740740741,0.0555555555555556,0,0.203703703703704,0.111111111111111,0.0925925925925926,0.555555555555556,-0.314814814814815,-0.314814814814815,-0.222222222222222,0.111111111111111,7.05555555555556,4.72222222222222,1.66666666666667,2.46296296296296,0.888888888888889,4.22222222222222,3.88888888888889,3.81481481481481,2.98148148148148,3.03703703703704,1.38888888888889,2.92592592592593,5.27777777777778,1.27777777777778,1.24074074074074,1.2037037037037,1.24074074074074
"Italy",2.60708534621578,2.66908212560386,2.65056360708535,2.10950080515298,2.13123993558776,2.36070853462158,1.68196457326892,2.59098228663446,2.3768115942029,2.23671497584541,2.44766505636071,3.40096618357488,4.31159420289855,0.669887278582931,0.98792270531401,-0.557971014492754,-0.296296296296296,0.234299516908213,0.243156199677939,-0.51610305958132,0.111916264090177,0.166666666666667,0.179549114331723,0.0917874396135266,0.0442834138486312,0.0950080515297907,0.144927536231884,0.0072463768115942,0.227858293075684,0.0169082125603865,-0.239935587761675,0.469404186795491,-0.337359098228663,0.0853462157809984,-0.268115942028986,0.375201288244767,5.90016103059581,3.94122383252818,0.561191626409018,1.92109500805153,1.24959742351047,4.35104669887279,3.87761674718196,3.88325281803543,2.8743961352657,2.97262479871176,1.40740740740741,3.21658615136876,4.4975845410628,0.833333333333333,0.830917874396135,0.486312399355878,1.81239935587762
"Jamaica",3,3.16666666666667,3.16666666666667,2.5,2.33333333333333,2.83333333333333,1.66666666666667,2.66666666666667,2.16666666666667,2.16666666666667,2.66666666666667,4.33333333333333,4.5,0.5,1,-0.333333333333333,-1,0.833333333333333,-0.666666666666667,-1.16666666666667,0.166666666666667,0.166666666666667,0.833333333333333,0,0,0,0,0,0,0.166666666666667,0,0.833333333333333,-0.5,-0.666666666666667,-0.166666666666667,0.166666666666667,6.83333333333333,4.5,0.5,2.5,1,4.33333333333333,4,3.66666666666667,3.5,2.5,1.16666666666667,4,5.16666666666667,0,1.5,0.833333333333333,2
"Japan",3.23370233702337,2.70848708487085,2.89175891758918,2.31980319803198,2.31488314883149,2.6309963099631,1.86223862238622,2.72570725707257,2.44649446494465,2.20172201722017,2.68388683886839,4.06642066420664,4.70971709717097,0.537515375153752,0.825338253382534,-0.528905289052891,-0.378843788437884,0.180811808118081,0.553505535055351,-0.619926199261993,0.145141451414514,0.142681426814268,0.277982779827798,0.046740467404674,0.0713407134071341,0.124231242312423,0.105781057810578,0.018450184501845,0.142681426814268,0.00492004920049201,0.428044280442804,0.53259532595326,-0.302583025830258,0.206642066420664,0.124231242312423,0.483394833948339,6.00246002460025,3.64329643296433,0.120541205412054,1.14022140221402,0.854858548585486,2.93726937269373,2.87822878228782,3.14391143911439,2.28536285362854,2.48462484624846,1.54981549815498,3.46740467404674,4.15744157441574,0.274292742927429,-0.0836408364083641,-0.521525215252153,-0.388683886838868
"Jordan",3.33333333333333,2.66666666666667,3.16666666666667,3.33333333333333,2.83333333333333,2.66666666666667,2,2.83333333333333,2.83333333333333,2.33333333333333,3.16666666666667,3.66666666666667,3.83333333333333,1,1.33333333333333,-0.333333333333333,-0.5,0.5,0.333333333333333,-0.5,0.166666666666667,0.333333333333333,0.166666666666667,0.166666666666667,0,0,0,0,0.166666666666667,0.166666666666667,-0.5,0.666666666666667,-0.833333333333333,-0.5,-0.666666666666667,0,6,3.83333333333333,0.666666666666667,2.83333333333333,0.666666666666667,5,4.16666666666667,3.66666666666667,4,3,1,2.16666666666667,5.33333333333333,1.5,1.66666666666667,1.83333333333333,2.16666666666667
"Kazakhstan",2.35542168674699,2.50803212851406,3.08433734939759,2.73895582329317,2.04016064257028,2.65863453815261,1.94779116465863,2.32931726907631,2.07028112449799,2.33132530120482,2.76305220883534,3.08835341365462,4.66867469879518,0.817269076305221,0.819277108433735,-0.377510040160643,-0.56425702811245,0.536144578313253,0.0441767068273092,-0.857429718875502,0.172690763052209,0.188755020080321,0.335341365461847,0.0943775100401606,0.0883534136546185,0.102409638554217,0.0100401606425703,0.00602409638554217,0.0903614457831325,0.0140562248995984,-0.170682730923695,0.734939759036145,-0.244979919678715,-0.0180722891566265,-0.586345381526104,0.228915662650602,6.88152610441767,4.05823293172691,0.869477911646586,1.98393574297189,0.654618473895582,4.13855421686747,3.6004016064257,3.47991967871486,3.1144578313253,2.64457831325301,1.45180722891566,2.56224899598394,4.90160642570281,0.327309236947791,-0.0200803212851406,-0.251004016064257,0.389558232931727
"Kenya",1.5,1.5,2.5,2.5,2,3,2.5,2.5,3,2,3,4.5,4,0,0,0,0,0.5,0,-1,0,0,0.5,0,0,0,0,0,0.5,0,-1.5,0,-1.5,-1,-2,0,6.5,4.5,1,2,2,5.5,5.5,5,3,2.5,1,2.5,6,1.5,1.5,-0.5,2.5
"Kosovo",1.99211045364892,2.59763313609467,3.24852071005917,3.38067061143984,1.68047337278107,2.96252465483235,1.93293885601578,2.50098619329389,2.63510848126233,2.68441814595661,2.86193293885602,3.64299802761341,4.15976331360947,0.00394477317554241,0.489151873767258,0.510848126232742,-0.500986193293886,0.516765285996055,-0.0946745562130177,-0.715976331360947,0.118343195266272,0.0808678500986193,0.181459566074951,0.118343195266272,0.0571992110453649,0.0591715976331361,0.0157790927021696,0.00788954635108481,0.512820512820513,0.0335305719921105,-0.351084812623274,0.443786982248521,-0.325443786982249,0.0532544378698225,-0.842209072978304,0.299802761341223,6.57988165680473,4.56804733727811,1.63510848126233,1.67258382642998,1.12623274161736,4.1577909270217,3.58974358974359,4.37080867850099,3.32741617357002,3.14792899408284,1.17751479289941,1.75739644970414,4.60157790927022,1.2741617357002,1.17948717948718,0.465483234714004,1.13806706114398
"Kuwait",4,5,3,2.5,2.5,2.5,2,4.5,3,2,1.5,4.5,5.5,2,0.5,-1.5,0,-1,1,0,0,0,0,0,0,0.5,0,0,0.5,0,0.5,2,-0.5,0,1.5,0.5,3,4,1,2.5,0.5,2.5,4,2.5,3.5,3,1,1,3.5,2,2,1,-1
"Laos",3,1,2,3,2,2,3,2,3,2,1,4,2,0,1,0,-2,2,-1,-2,0,0,1,0,0,0,0,0,0,0,-2,-1,-2,0,2,-1,6,3,0,3,1,2,4,3,3,3,1,3,5,1,1,1,1
"Latvia",3,2,3,3,4,3,3,3,4,3,3,6,8,1,0,1,0,0,0,0,0,0,0,1,0,0,0,0,0,0,1,1,0,2,1,1,5,3,0,3,0,4,6,4,3,3,1,1,2,3,1,1,3
"Lebanon",2.83333333333333,2.16666666666667,3.16666666666667,2.83333333333333,2.66666666666667,2.5,2.33333333333333,3,2.83333333333333,2.5,1.83333333333333,3.5,4,0.666666666666667,1,-0.666666666666667,-1.66666666666667,1.33333333333333,-0.833333333333333,-1.5,0.333333333333333,0,0.333333333333333,0,0,0,0,0,0.333333333333333,0,-0.666666666666667,0.666666666666667,-0.666666666666667,-0.166666666666667,-1.16666666666667,0.666666666666667,6.16666666666667,4.33333333333333,1.83333333333333,1.5,1.5,5,3.5,4.16666666666667,2.83333333333333,3.16666666666667,1.16666666666667,2.66666666666667,5.16666666666667,1,0.833333333333333,-0.333333333333333,0.5
"Libya",4,3,2,3,1,1,1,4,1,1,1,4,6,1,1,-1,0,1,0,-1,0,0,0,0,0,0,0,0,0,0,-1,-1,-2,0,0,0,6,6,2,3,3,5,5,2,3,3,2,3,2,0,1,2,2
"Lithuania",2.8,2.3,3.2,2.5,2.1,2.9,1.9,2.5,2.2,2,3.1,4.1,4.2,0.2,0.1,-0.3,-0.4,0.2,0.1,-0.9,0.2,0.4,0.3,0.1,0.1,0.2,0,0,0.2,0,-0.4,0.2,-1.1,-0.5,-1.2,0.1,6.5,3.9,-0.1,2.1,1.7,3.8,3.4,4,3.1,2.9,1.6,2.4,5,0.1,0,0.1,0.7
"Luxembourg",2.07692307692308,2.30769230769231,3.53846153846154,3.23076923076923,1.76923076923077,3.07692307692308,2.46153846153846,1.84615384615385,2,2.46153846153846,3.30769230769231,3.92307692307692,3.69230769230769,0.538461538461538,0.769230769230769,-0.230769230769231,-1.07692307692308,1,-0.461538461538462,-1.53846153846154,0.153846153846154,0.230769230769231,0.461538461538462,0.0769230769230769,0,0,0.0769230769230769,0,0,0.0769230769230769,-0.692307692307692,-0.384615384615385,-1.15384615384615,-1.15384615384615,-0.846153846153846,-0.461538461538462,6.46153846153846,4.84615384615385,1.53846153846154,2.30769230769231,1.84615384615385,4.69230769230769,4.07692307692308,4.30769230769231,3.38461538461538,3.38461538461538,1.07692307692308,3.07692307692308,5.46153846153846,1.69230769230769,1.30769230769231,1.30769230769231,1.92307692307692
"Malaysia",2.53035714285714,2.79285714285714,3.23214285714286,2.93214285714286,2.0875,2.75714285714286,2.26607142857143,2.28928571428571,2.61964285714286,2.69285714285714,3.1625,3.3,4.31785714285714,0.746428571428571,0.989285714285714,-0.191071428571429,-0.369642857142857,0.510714285714286,0.148214285714286,-0.775,0.214285714285714,0.151785714285714,0.282142857142857,0.075,0.0589285714285714,0.0732142857142857,0.0464285714285714,0.00535714285714286,0.214285714285714,0.0535714285714286,-0.257142857142857,0.548214285714286,-0.503571428571429,-0.507142857142857,-0.923214285714286,-0.025,6.14107142857143,4.0875,0.969642857142857,2.35,1.90892857142857,4.62321428571429,4.39642857142857,4.53928571428571,3.775,3.4,1.29464285714286,2.60892857142857,5.01428571428571,1.40357142857143,1.62142857142857,1.07678571428571,1.31071428571429
"Mali",1.71428571428571,3.14285714285714,3.14285714285714,3.71428571428571,2,3.14285714285714,1.14285714285714,2.42857142857143,2.71428571428571,2.57142857142857,2.71428571428571,3.85714285714286,4.71428571428571,-0.142857142857143,0.571428571428571,0.857142857142857,-0.571428571428571,0.571428571428571,-0.571428571428571,-0.571428571428571,0.285714285714286,0,0,0,0.285714285714286,0.142857142857143,0,0,0.714285714285714,0,0,0.714285714285714,-0.142857142857143,-0.428571428571429,-0.714285714285714,0.428571428571429,6.85714285714286,5.14285714285714,1.71428571428571,2,1.85714285714286,4,3.28571428571429,4.28571428571429,3.57142857142857,3.42857142857143,1,1.71428571428571,4.71428571428571,0.714285714285714,0.428571428571429,-0.142857142857143,0.142857142857143
"Malta",2,1,2,3,2,2,2,2,1,3,3,6,5,0,1,-1,-1,1,1,-2,1,0,0,0,0,0,0,0,0,0,-1,0,-2,-1,-2,0,8,4,1,2,2,5,3,6,4,4,1,2,7,1,2,2,2
"Mauritius",3,2,3,1,1,2,2,3,3,3,3,6,8,1,0,0,2,-1,2,2,1,0,0,0,0,0,0,0,0,0,0,2,-1,0,-2,1,7,5,3,3,1,5,5,3,3,3,1,2,6,3,0,-1,0
"Mexico",2.84615384615385,2.15384615384615,2.92307692307692,3.03846153846154,1.65384615384615,2.23076923076923,1.80769230769231,2.57692307692308,2.46153846153846,2.19230769230769,2.5,3.73076923076923,5,1.03846153846154,1.11538461538462,-0.961538461538462,-0.576923076923077,0.461538461538462,0.653846153846154,-1.07692307692308,0.230769230769231,0.192307692307692,0.423076923076923,0.0769230769230769,0,0.192307692307692,0.0769230769230769,0,0.0384615384615385,0,0.192307692307692,0.846153846153846,-0.153846153846154,0.5,-1,0.538461538461538,6.65384615384615,4.11538461538461,1.42307692307692,2,1.53846153846154,2.61538461538462,1.53846153846154,3.07692307692308,2.65384615384615,2.96153846153846,1.23076923076923,3.26923076923077,5.53846153846154,0.923076923076923,1.26923076923077,0.115384615384615,1.76923076923077
"Moldova",2.5625,2.4375,3.125,2.5625,2.4375,3.0625,2.375,2.5625,2.375,2.3125,3.0625,3,4.8125,0.625,0.6875,-0.8125,-0.4375,0.1875,-0.0625,-0.75,0.125,0.0625,0.0625,0.0625,0.0625,0.1875,0.125,0,0.5,0,-0.0625,0.6875,0.0625,0.375,0,0.5,6.875,4.3125,1.0625,2.4375,1,4.0625,3.5625,3.25,2.875,3.0625,1.1875,1.9375,4.4375,0.625,-0.125,-0.25,0.8125
"Mongolia",4,3,3,3,3,4,2,4,3,3,3,6,6,1,0,1,0,1,0,-1,0,0,0,0,0,0,0,0,1,0,1,0,1,0,-1,1,4,5,0,2,3,5,4,5,4,3,1,3,6,1,2,2,3
"Montenegro",2.8,2.4,3,2.6,1.8,3.4,3.2,3,2.2,2.8,2.8,3.6,2.8,0.6,0.4,-1,-0.8,0.8,0,-0.8,0,0.2,0.2,0.2,0,0,0,0,0.6,0,-1.4,1,-1.4,0,-1,-0.2,7.6,4.4,2.2,2,1.2,5.2,4.8,3.6,3.6,2.8,1.4,1.6,5,0.6,0.6,-1.2,0.4
"Morocco",2.92857142857143,2.92857142857143,2.67857142857143,2.07142857142857,2.10714285714286,2.25,1.82142857142857,3,2.35714285714286,2.21428571428571,1.89285714285714,3.92857142857143,4,0.75,0.75,-0.642857142857143,-0.178571428571429,0.107142857142857,0.214285714285714,-0.178571428571429,0.214285714285714,0.142857142857143,0.142857142857143,0.214285714285714,0,0.0714285714285714,0.0357142857142857,0,0.25,0,0.428571428571429,0.678571428571429,0.178571428571429,0.392857142857143,0.0714285714285714,0.285714285714286,4.71428571428571,3.46428571428571,1,2.53571428571429,1.46428571428571,4.46428571428571,4.07142857142857,3.60714285714286,3.03571428571429,3.07142857142857,1.71428571428571,2.39285714285714,4.57142857142857,1.21428571428571,1.82142857142857,1.10714285714286,1.39285714285714
"Myanmar",2,2,3,4,1,3,1,2,1,2,3,2,4,0,1,1,-2,2,-1,0,0,0,1,0,0,0,0,0,0,0,-2,1,-2,-2,-2,-2,7,5,3,3,3,5,1,3,3,3,1,6,5,1,2,1,2
"Nepal",4,4,2,1,3,1,1,4,5,1,2,2,3,2,2,-2,0,0,0,0,0,0,0,1,0,0,0,0,1,0,0,0,0,-2,-2,-2,4,2,-3,3,2,3,3,3,3,3,1,1,5,2,2,0,0
"Netherlands",2.06444906444906,2.13513513513514,3.33212058212058,3.18866943866944,2.07016632016632,2.96725571725572,2.12058212058212,2.13721413721414,2.17671517671518,2.67775467775468,3.08679833679834,4.0483367983368,3.61226611226611,0.314449064449064,0.441268191268191,0.0899168399168399,-0.600831600831601,0.528586278586279,-0.339397089397089,-0.834719334719335,0.14033264033264,0.303014553014553,0.191268191268191,0.0504158004158004,0.025987525987526,0.053014553014553,0.117983367983368,0.0597713097713098,0.135135135135135,0.0431392931392931,-0.602910602910603,0.0654885654885655,-1.18607068607069,-0.672557172557173,-0.746881496881497,0.177234927234927,6.8950103950104,4.52079002079002,0.6502079002079,1.56392931392931,1.43139293139293,4.23856548856549,3.59095634095634,4.46101871101871,3.24168399168399,3.1018711018711,1.40176715176715,3.32276507276507,4.50051975051975,1.02079002079002,0.291060291060291,0.68035343035343,1.40540540540541
"New Zealand",2.7,1.95,2.65,2.45,2.2,2.55,2.05,2.85,2.8,2.3,2.55,3.25,4.1,0.55,1,-0.15,-1.05,1,-0.35,-0.9,0.15,0.25,0.45,0,0,0,0.1,0,0.1,0,-0.5,0.45,-0.85,-1.1,-0.9,-0.05,6.9,4.7,1.4,2.55,1.85,5.15,4.1,5.2,3.8,3.5,1.35,3.35,5.3,1.8,1.45,1.4,2.4
"Nigeria",2.33333333333333,4,3.33333333333333,2,3.33333333333333,4.33333333333333,3.66666666666667,4,2.33333333333333,2.33333333333333,3,2.33333333333333,6,1,1,0.333333333333333,-1,0,0.666666666666667,-1.66666666666667,0,0.333333333333333,0.666666666666667,0,0,0,0,0,0,0,0.666666666666667,1,0.333333333333333,1,0,0.666666666666667,6.66666666666667,4.66666666666667,2,2.33333333333333,0.333333333333333,3.33333333333333,3.66666666666667,3,3,3,2,2.33333333333333,5.33333333333333,2.33333333333333,2,2.66666666666667,2.66666666666667
"Norway",2.88888888888889,2.55555555555556,2.44444444444444,3,2.55555555555556,2.44444444444444,1.77777777777778,2.44444444444444,2.77777777777778,2.55555555555556,2.44444444444444,3.77777777777778,4.22222222222222,0.444444444444444,0.333333333333333,-0.333333333333333,-0.555555555555556,0.666666666666667,-0.444444444444444,-0.777777777777778,0.111111111111111,0.111111111111111,0.111111111111111,0.111111111111111,0,0.111111111111111,0.111111111111111,0,0.333333333333333,0.111111111111111,-0.888888888888889,-0.444444444444444,-1.22222222222222,-0.555555555555556,-0.555555555555556,0.444444444444444,5.66666666666667,4.33333333333333,0.777777777777778,2.11111111111111,1.11111111111111,4.66666666666667,4.11111111111111,4.77777777777778,3.22222222222222,3.33333333333333,1.11111111111111,2.11111111111111,4.66666666666667,1.55555555555556,0.555555555555556,1.22222222222222,2.11111111111111
"Oman",1,1,3,4,1,5,4,1,4,4,4,3,2,0,1,1,-2,2,-2,0,0,0,1,0,0,0,0,0,0,0,-2,-1,-2,-2,-2,-2,8,6,2,2,1,4,3,4,3,3,2,5,5,1,1,1,2
"Pakistan",2.8004158004158,2.86486486486486,3.1975051975052,2.72557172557173,2.53014553014553,3.04158004158004,2.6049896049896,2.34719334719335,2.65280665280665,2.71517671517672,3.04781704781705,2.82536382536383,3.52182952182952,0.528066528066528,0.756756756756757,-0.282744282744283,-0.411642411642412,0.48024948024948,-0.0602910602910603,-0.43035343035343,0.112266112266112,0.0748440748440748,0.122661122661123,0.11018711018711,0.0893970893970894,0.0665280665280665,0.027027027027027,0.0145530145530146,0.467775467775468,0.0291060291060291,-0.118503118503119,0.43035343035343,-0.0249480249480249,-0.0415800415800416,-0.494802494802495,0.386694386694387,6.41372141372141,4.24116424116424,0.916839916839917,1.13097713097713,0.571725571725572,3.87110187110187,3.46777546777547,3.61746361746362,3.13513513513514,3.05197505197505,1.2972972972973,1.48856548856549,5.14553014553015,1.32224532224532,1.39293139293139,0.910602910602911,1.03742203742204
"Palestine",3,3.73684210526316,2.57894736842105,2.52631578947368,2.52631578947368,2.89473684210526,2.63157894736842,3.10526315789474,2.73684210526316,2.26315789473684,2.21052631578947,2.84210526315789,3.68421052631579,1.15789473684211,0.473684210526316,-0.368421052631579,-0.684210526315789,0.789473684210526,-0.263157894736842,-0.578947368421053,0.210526315789474,0.105263157894737,0.421052631578947,0.0526315789473684,0,0.105263157894737,0,0,0.105263157894737,0,-0.210526315789474,0.263157894736842,-0.578947368421053,0.105263157894737,0.263157894736842,0.526315789473684,6.26315789473684,4.73684210526316,1.73684210526316,2.36842105263158,1.05263157894737,3.84210526315789,3.78947368421053,3.31578947368421,3,3,1.42105263157895,2.36842105263158,4.84210526315789,0.631578947368421,1.31578947368421,0.368421052631579,0.684210526315789
"Panama",4,2.33333333333333,1.66666666666667,2,3.66666666666667,2.33333333333333,1.33333333333333,4,2,2,1.66666666666667,4.66666666666667,5.66666666666667,1.66666666666667,2,-1.33333333333333,-0.333333333333333,-0.333333333333333,0.666666666666667,-0.333333333333333,0,0.333333333333333,0,0.333333333333333,0.333333333333333,0.333333333333333,0,0,0,0,-0.333333333333333,1,-1,0.333333333333333,-0.333333333333333,0.333333333333333,5.33333333333333,3.66666666666667,-0.666666666666667,2.66666666666667,2.33333333333333,4.66666666666667,3.33333333333333,4,2.66666666666667,2.66666666666667,1.33333333333333,3.33333333333333,6,1.33333333333333,1.33333333333333,0.666666666666667,2.33333333333333
"Peru",3.05376344086022,2.56989247311828,2.8010752688172,2.58064516129032,2.08602150537634,2.47849462365591,2.36559139784946,2.59139784946237,2.90322580645161,2.60752688172043,2.5,4,4.46236559139785,0.913978494623656,1.09139784946237,-0.903225806451613,-0.209677419354839,0.155913978494624,0.419354838709677,-0.435483870967742,0.139784946236559,0.134408602150538,0.279569892473118,0.161290322580645,0.043010752688172,0.10752688172043,0.010752688172043,0.00537634408602151,0.344086021505376,0.043010752688172,-0.263440860215054,0.60752688172043,-0.172043010752688,-0.166666666666667,-0.860215053763441,0.408602150537634,6.52150537634409,4.11827956989247,0.876344086021505,2.16666666666667,2.04301075268817,3.80645161290323,3.16666666666667,3.02150537634409,3.14516129032258,2.46774193548387,1.33870967741935,2.2258064516129,4.41935483870968,1.10215053763441,1.44623655913978,0.456989247311828,1.36021505376344
"Philippines",2.76057791537668,3.0639834881321,3.10732714138287,2.79669762641899,2.17131062951496,2.87203302373581,2.25902992776058,2.55108359133127,2.49742002063983,2.77915376676987,3.01960784313725,2.66150670794634,4.20743034055728,0.625386996904025,1.11764705882353,-0.410732714138287,-0.458204334365325,0.669762641898865,0.0567595459236326,-0.697626418988648,0.191950464396285,0.135190918472652,0.299277605779154,0.120743034055728,0.0557275541795666,0.0928792569659443,0.0577915376676987,0.0134158926728586,0.123839009287926,0.0268317853457172,0.187822497420021,0.73374613003096,0.234262125902993,0.274509803921569,-0.423116615067079,0.409700722394221,6.32198142414861,4.14963880288958,1.15376676986584,2.24974200206398,1.76573787409701,4.54489164086687,4.0608875128999,4.03715170278638,3.36842105263158,3.31475748194014,1.45201238390093,2.70175438596491,4.76470588235294,1.38183694530444,1.48090815273478,0.923632610939113,1.53560371517028
"Poland",2.82083333333333,2.59166666666667,2.78125,2.6,2.63541666666667,2.30416666666667,1.82916666666667,2.85625,2.8125,2.17291666666667,2.46041666666667,3.64791666666667,4.52083333333333,1.03333333333333,1.04375,-0.541666666666667,-0.31875,0.235416666666667,0.235416666666667,-0.575,0.125,0.116666666666667,0.358333333333333,0.0833333333333333,0.0416666666666667,0.1125,0.0458333333333333,0.00833333333333333,0.329166666666667,0.0583333333333333,-0.18125,0.479166666666667,-0.583333333333333,0.5125,-0.191666666666667,0.585416666666667,5.67291666666667,3.99375,0.0729166666666667,1.41875,0.745833333333333,3.925,3.45416666666667,3.675,2.22083333333333,2.92916666666667,1.20833333333333,2.37291666666667,4.20416666666667,0.779166666666667,0.0333333333333333,0.458333333333333,0.702083333333333
"Portugal",3.0625,2.71875,2.84375,2.59375,2.21875,2.78125,2,2.6875,2.5,2.25,2.5,3.78125,4.6875,0.78125,1,-0.5625,-0.6875,0.84375,0,-0.84375,0.1875,0.1875,0.28125,0.09375,0.03125,0.09375,0.0625,0.03125,0.15625,0.0625,0.03125,1.125,-0.34375,-0.25,-0.6875,0.0625,6.40625,4.5625,0.96875,2.375,1.65625,4.53125,3.1875,3.96875,3.09375,2.96875,1.15625,3.03125,4.8125,1,0.53125,0.65625,2.3125
"Qatar",3.5,3.5,1.5,1.5,4,2,1.5,4,2,2,1.5,4.5,4.5,1.5,1.5,-0.5,0,0,0,-1,0.5,0,0,0,0,0.5,0,0,0,0,0.5,1.5,-0.5,-1,-2,1,6.5,5.5,0.5,3,0.5,6,4,5.5,4,2,1,2,5,-1,1,1,1.5
"Republic of Serbia",2.85527328714396,2.54426481909161,2.62971516551193,2.70053887605851,2.12625096227868,2.68283294842186,2.19245573518091,2.72363356428022,2.56043110084681,2.45496535796767,2.82371054657429,2.97151655119323,4.13702848344881,0.505773672055427,0.717474980754427,-0.905311778290993,-0.595842956120092,0.47036181678214,-0.110854503464203,-0.823710546574288,0.114703618167821,0.136258660508083,0.28175519630485,0.1270207852194,0.063125481139338,0.0908391070053888,0.0892994611239415,0.0107775211701309,0.214780600461894,0.0323325635103926,0.0985373364126251,0.509622786759045,-0.237105465742879,0.339491916859122,-0.311778290993072,0.331793687451886,6.67513471901463,4.14472671285604,1.41801385681293,1.95073133179369,1.4072363356428,4.33102386451116,3.75057736720554,3.85296381832179,3.34719014626636,3.17859892224788,1.33795227097768,3.00461893764434,4.04080061585835,0.826789838337182,0.677444187836797,0.144726712856043,0.121632024634334
"Romania",2.31239092495637,2.92204770215241,3.26701570680628,2.87085514834206,1.96102385107621,2.82838859802211,2.46480511925538,2.48109365910413,2.4956369982548,2.71669575334497,3.06864456079116,3.04188481675393,4.25421756835369,0.849331006399069,0.849912739965096,-0.716695753344968,-0.324607329842932,0.452006980802792,-0.077370564281559,-0.692844677137871,0.0820244328097731,0.0826061663757999,0.283885980221059,0.0651541593949971,0.0471204188481675,0.0570098894706225,0.0959860383944154,0.0058173356602676,0.35194880744619,0.0296684118673647,-0.183246073298429,0.445026178010471,-0.282140779522979,0.356602675974404,-0.0599185573007563,0.346713205351949,6.49040139616056,4.2065154159395,0.98196625945317,1.95695171611402,1.01570680628272,4.27865037812682,4.22629435718441,3.48574752763234,2.80570098894706,2.92844677137871,1.39674229203025,2.42524723676556,4.10471204188482,0.557300756253636,0.338568935427574,0.0482838859802211,1.0238510762071
"Russia",2.5089485458613,2.49888143176734,2.87024608501119,2.76398210290828,2.19574944071588,2.56823266219239,1.91834451901566,2.52348993288591,2.165548098434,2.32774049217002,2.53131991051454,3.04362416107383,4.48434004474273,0.628635346756152,0.691275167785235,-0.376957494407159,-0.470917225950783,0.329977628635347,0.146532438478747,-0.837807606263982,0.157718120805369,0.184563758389262,0.293064876957494,0.0850111856823266,0.0436241610738255,0.0771812080536913,0.174496644295302,0.00894854586129754,0.0659955257270693,0.0123042505592841,0.116331096196868,0.758389261744966,0.0212527964205817,0.253914988814318,-0.210290827740492,0.32662192393736,6.36241610738255,3.75503355704698,0.668903803131991,1.49888143176734,0.427293064876958,3.91834451901566,3.59507829977629,3.48993288590604,2.92281879194631,2.74384787472036,1.38478747203579,3.39261744966443,4.12863534675615,0.288590604026846,-0.507829977628635,-0.633109619686801,0.222595078299776
"Saudi Arabia",2.82847533632287,3.14910313901345,3.12331838565022,3.16031390134529,2.42937219730942,2.84304932735426,2.60201793721973,2.69394618834081,2.60650224215247,2.70515695067265,2.90022421524664,3.05381165919283,3.69394618834081,0.376681614349776,0.488789237668161,0.350896860986547,-0.395739910313901,0.536995515695067,-0.070627802690583,-0.556053811659193,0.182735426008969,0.195067264573991,0.255605381165919,0.0885650224215247,0.0269058295964126,0.0908071748878924,0.0526905829596413,0.0123318385650224,0.20067264573991,0.0224215246636771,-0.0291479820627803,0.451793721973094,-0.183856502242152,-0.617713004484305,-0.391255605381166,-0.00112107623318386,6.60538116591928,4.48318385650224,1.33408071748879,2.07511210762332,1.67600896860987,5.08744394618834,5.01681614349776,4.90134529147982,3.63004484304933,3.41031390134529,1.47533632286996,2.42488789237668,4.36210762331839,1.06165919282511,1.33968609865471,0.862107623318386,1.03699551569507
"Singapore",3.07843137254902,2.79084967320261,2.84313725490196,2.68627450980392,2.28758169934641,2.42483660130719,1.97385620915033,2.7516339869281,3.11111111111111,2.26797385620915,2.54248366013072,3.36601307189542,4.26143790849673,0.718954248366013,0.875816993464052,-0.150326797385621,-0.392156862745098,0.300653594771242,0.150326797385621,-0.490196078431373,0.0915032679738562,0.0522875816993464,0.34640522875817,0.0457516339869281,0.0326797385620915,0.0196078431372549,0.0065359477124183,0,0.529411764705882,0.0196078431372549,-0.568627450980392,0.300653594771242,-0.869281045751634,-0.993464052287582,-1.09150326797386,0.117647058823529,5.99346405228758,4.03921568627451,0.673202614379085,2.09803921568627,1.22875816993464,5.12418300653595,4.95424836601307,4.90849673202614,3.94117647058824,3.18954248366013,1.33986928104575,1.88888888888889,4.71895424836601,1.43137254901961,1.18300653594771,0.856209150326797,1.41830065359477
"Slovakia",2.16666666666667,2,3.66666666666667,3.33333333333333,2.33333333333333,3.5,2.83333333333333,2,3,3.33333333333333,3,3.83333333333333,4.5,0.5,0.666666666666667,-0.666666666666667,-0.333333333333333,0.5,-0.166666666666667,-1,0.166666666666667,0.166666666666667,0.5,0.166666666666667,0,0,0.166666666666667,0,0,0,0.166666666666667,0.333333333333333,0.333333333333333,0,0,-0.333333333333333,6.83333333333333,4.66666666666667,1.16666666666667,2.16666666666667,1.83333333333333,4.5,3.5,3.83333333333333,3.16666666666667,3,1.83333333333333,2.83333333333333,5.33333333333333,0.833333333333333,1,0.333333333333333,1.33333333333333
"Slovenia",2.5,1.5,4,3,2,3,1.5,2.5,2.5,3,4,4,3.5,0,0.5,0.5,-0.5,1,0,-1.5,0,0,1,0,0,0,0,0,0.5,0,-1,0,-1.5,-1.5,-1.5,0,7.5,4,0.5,2,-1,5,2,4.5,3.5,2.5,1.5,4,3,0.5,0.5,0,1
"South Africa",2.75678733031674,2.93099547511312,2.99547511312217,2.74321266968326,2.25452488687783,2.69796380090498,2.15497737556561,2.57692307692308,2.45588235294118,2.57013574660634,2.9106334841629,3.24773755656109,5.10407239819004,0.802036199095023,1.05203619909502,-0.53393665158371,-0.136877828054299,0.352941176470588,0.30316742081448,-0.617647058823529,0.142533936651584,0.113122171945701,0.330316742081448,0.154977375565611,0.0395927601809955,0.0780542986425339,0.0893665158371041,0.0180995475113122,0.110859728506787,0.0147058823529412,0.542986425339366,1.03393665158371,0.406108597285068,0.239819004524887,-0.108597285067873,0.377828054298643,6.2579185520362,3.96266968325792,0.774886877828054,2.23981900452489,1.65045248868778,4.37330316742081,3.76018099547511,4.04864253393665,3.22171945701357,3.05429864253394,1.43212669683258,3.06787330316742,3.93212669683258,0.80316742081448,0.729638009049774,0.427601809954751,1.59841628959276
"South Korea",2.36662883087401,2.90238365493757,2.71509648127128,2.5527809307605,2.35868331441544,2.31895573212259,2.29965947786606,2.48808172531215,2.46083995459705,2.32576617480136,2.76049943246311,2.88535754824064,4.24290578887628,0.217934165720772,0.382519863791146,0.213393870601589,-0.549375709421112,0.312145289443814,0.143019296254257,-0.664018161180477,0.120317820658343,0.102156640181612,0.353007945516459,0.0669693530079455,0.0590238365493757,0.0805902383654938,0.0476730987514188,0.00454029511918275,0.274687854710556,0.00454029511918275,0.197502837684449,0.601589103291714,-0.0908059023836549,-0.0556186152099886,-0.197502837684449,0.275822928490352,6.24404086265607,3.84449489216799,0.583427922814983,1.79341657207719,1.67196367763905,3.96140749148695,3.68217934165721,4.35754824063564,3.62542565266742,3.45175936435868,1.41203178206583,2.79909194097616,4.69693530079455,0.795686719636776,0.584562996594779,0.219069239500568,0.228149829738933
"Spain",2.58431952662722,2.42307692307692,2.82051282051282,2.62721893491124,2.04536489151874,1.88116370808678,2.36538461538462,2.58727810650888,2.35798816568047,2.27859960552268,2.58481262327416,4.09812623274162,4.64990138067061,0.781065088757396,1.05522682445759,-0.283037475345168,-0.371794871794872,0.382642998027613,0.140532544378698,-0.613412228796844,0.122781065088757,0.219921104536489,0.25,0.0862919132149901,0.0562130177514793,0.100591715976331,0.0927021696252465,0.014792899408284,0.236193293885602,0.0226824457593688,-0.310650887573964,0.316568047337278,-0.47879684418146,-0.0729783037475345,-0.370808678500986,0.554240631163708,6.62228796844181,4.37376725838264,1.01775147928994,2.02810650887574,2.05276134122288,4.43441814595661,4.07347140039448,3.87623274161736,2.84664694280079,3.05966469428008,1.37179487179487,3.22978303747535,4.18885601577909,1.44329388560158,0.770710059171598,0.992110453648915,1.99112426035503
"Sweden",2.44444444444444,2.38888888888889,2.96296296296296,2.77777777777778,1.81481481481481,2.83333333333333,2.51851851851852,2.24074074074074,2.57407407407407,2.72222222222222,2.7962962962963,4.62962962962963,3.33333333333333,0.518518518518518,0.722222222222222,0.0185185185185185,-1.11111111111111,0.888888888888889,-0.555555555555556,-1.24074074074074,0.148148148148148,0.240740740740741,0.518518518518518,0,0,0,0.0740740740740741,0,0.12962962962963,0.0185185185185185,-1,-0.0925925925925926,-1.38888888888889,-0.814814814814815,-1.01851851851852,-0.444444444444444,6.90740740740741,4.57407407407407,1.05555555555556,1.96296296296296,1.05555555555556,2.64814814814815,1.5,3.94444444444444,3.31481481481481,3.16666666666667,1.38888888888889,2.98148148148148,5.7962962962963,1.22222222222222,0.62962962962963,1.75925925925926,2.03703703703704
"Switzerland",2.32558139534884,2.09302325581395,3.02325581395349,2.83720930232558,1.97674418604651,2.76744186046512,2.30232558139535,2.34883720930233,2.27906976744186,2.58139534883721,2.76744186046512,4.23255813953488,3.27906976744186,0.581395348837209,0.744186046511628,-0.255813953488372,-0.767441860465116,0.837209302325581,-0.488372093023256,-1.18604651162791,0.13953488372093,0.27906976744186,0.372093023255814,0.0465116279069767,0.0465116279069767,0.0697674418604651,0.0232558139534884,0,0.209302325581395,0.0465116279069767,-0.744186046511628,-0.255813953488372,-1.18604651162791,-0.837209302325581,-0.906976744186046,0.0697674418604651,6.69767441860465,4.53488372093023,0.906976744186046,1.95348837209302,1.51162790697674,4.02325581395349,2.90697674418605,4.25581395348837,3.30232558139535,3.25581395348837,1.44186046511628,2.90697674418605,5.58139534883721,1.30232558139535,0.162790697674419,0.651162790697674,1.65116279069767
"Taiwan",2.82291666666667,2.04166666666667,2.85416666666667,2.78125,2.17708333333333,2.64583333333333,2.26041666666667,2.67708333333333,2.90625,2.38541666666667,2.58333333333333,3.15625,4.14583333333333,0.614583333333333,0.59375,0.197916666666667,-0.645833333333333,0.604166666666667,-0.0520833333333333,-1.13541666666667,0.0833333333333333,0.135416666666667,0.385416666666667,0,0.0104166666666667,0.0520833333333333,0,0,0.427083333333333,0,-0.46875,0.520833333333333,-0.708333333333333,-0.875,-1.08333333333333,0.28125,6.10416666666667,4.07291666666667,0.666666666666667,1.5,1.13541666666667,4.25,4.08333333333333,4.60416666666667,3.84375,3.35416666666667,1.41666666666667,2.1875,5.42708333333333,1.36458333333333,0.708333333333333,0.927083333333333,0.78125
"Thailand",2.89887640449438,3.38202247191011,3.15730337078652,2.80898876404494,2.12359550561798,2.51685393258427,2.13483146067416,2.61797752808989,2.87640449438202,2.65168539325843,3.0561797752809,3.66292134831461,4.84269662921348,0.887640449438202,1.1685393258427,-0.595505617977528,-0.404494382022472,0.820224719101124,0.314606741573034,-1.0561797752809,0.224719101123595,0.134831460674157,0.359550561797753,0.112359550561798,0.0561797752808989,0.0449438202247191,0.0112359550561798,0,0.179775280898876,0.0112359550561798,-0.561797752808989,0.764044943820225,-0.393258426966292,0.404494382022472,-0.292134831460674,0.382022471910112,6.35955056179775,4,0.820224719101124,2.15730337078652,1.67415730337079,3.60674157303371,2.98876404494382,3.62921348314607,2.10112359550562,2.57303370786517,1.51685393258427,2.37078651685393,5.55056179775281,1.23595505617978,1.21348314606742,0.539325842696629,1.21348314606742
"Trinidad and Tobago",3.21428571428571,2.78571428571429,2.57142857142857,2.64285714285714,2.85714285714286,2.92857142857143,2.21428571428571,3.21428571428571,2.5,1.85714285714286,2.28571428571429,3.57142857142857,4.5,0.785714285714286,0.928571428571429,-0.857142857142857,-0.5,0.571428571428571,-0.285714285714286,-0.428571428571429,0.214285714285714,0,0.5,0,0,0,0.142857142857143,0,0.0714285714285714,0,0.142857142857143,0.642857142857143,-0.142857142857143,-0.214285714285714,-0.5,0.142857142857143,6.64285714285714,4.35714285714286,1.57142857142857,2.14285714285714,0.928571428571429,3.92857142857143,3.78571428571429,3.35714285714286,2.78571428571429,2.21428571428571,1.28571428571429,2.92857142857143,4.78571428571429,0.857142857142857,0.928571428571429,0.714285714285714,1.64285714285714
"Tunisia",2.87179487179487,3,2.82051282051282,2.25641025641026,2.15384615384615,2.43589743589744,2.02564102564103,2.69230769230769,2.43589743589744,2.05128205128205,2.20512820512821,3.38461538461538,3.84615384615385,1,1.07692307692308,-0.666666666666667,-0.641025641025641,0.435897435897436,-0.333333333333333,-0.846153846153846,0.256410256410256,0.179487179487179,0.153846153846154,0.153846153846154,0.102564102564103,0.128205128205128,0.0512820512820513,0,0,0.0512820512820513,0.128205128205128,0.538461538461538,0.0769230769230769,-0.102564102564103,-0.512820512820513,0.128205128205128,5.05128205128205,3.56410256410256,1.12820512820513,2.35897435897436,1.1025641025641,4.43589743589744,4.07692307692308,3.43589743589744,3.33333333333333,3.07692307692308,1.66666666666667,3.17948717948718,4.82051282051282,1.41025641025641,1.82051282051282,1.35897435897436,1.66666666666667
"Turkey",3.17729257641921,3.2174672489083,2.77379912663755,2.36244541484716,2.6,2.52576419213974,2.2174672489083,2.89868995633188,2.68384279475983,2.44017467248908,2.56768558951965,3.79126637554585,4.74585152838428,0.840174672489083,0.964192139737991,-0.62882096069869,-0.266375545851528,0.307423580786026,0.19825327510917,-0.570305676855895,0.173799126637555,0.182532751091703,0.249781659388646,0.0925764192139738,0.0733624454148472,0.101310043668122,0.104803493449782,0.00262008733624454,0.138864628820961,0.0157205240174672,0.0349344978165939,0.501310043668122,0.0165938864628821,0.105676855895197,-0.422707423580786,0.581659388646288,5.87510917030568,3.882096069869,1.10742358078603,2.25240174672489,0.903930131004367,3.38777292576419,3.12489082969432,3.52139737991266,3.06812227074236,2.88995633187773,1.40960698689956,2.9589519650655,4.63842794759825,1.28122270742358,0.867248908296943,-0.0157205240174672,1.20087336244541
"Ukraine",2.39154616240267,2.4860956618465,3.02002224694105,2.73526140155729,2.08008898776418,2.68854282536151,2.13125695216908,2.32480533926585,2.18020022246941,2.38375973303671,2.62180200222469,3.12791991101224,4.64293659621802,0.555061179087875,0.729699666295884,-0.569521690767519,-0.421579532814238,0.365962180200222,0.145717463848721,-0.741935483870968,0.150166852057842,0.159065628476085,0.28476084538376,0.136818687430478,0.0589543937708565,0.101223581757508,0.110122358175751,0.014460511679644,0.0889877641824249,0.017797552836485,0.186874304783092,0.727474972191324,0.17686318131257,0.508342602892102,-0.222469410456062,0.417130144605117,6.32369299221357,3.77641824249166,0.805339265850946,1.59621802002225,0.682981090100111,3.67408231368187,2.97330367074527,3.11123470522803,2.48832035595106,2.66184649610679,1.40489432703003,3.14794215795328,4.46829810901001,0.269187986651835,-0.125695216907675,-0.352614015572859,0.152391546162403
"United Arab Emirates",2.87719298245614,2.71929824561404,3.14035087719298,2.98245614035088,2.35087719298246,2.68421052631579,2.21052631578947,2.59649122807018,2.56140350877193,2.49122807017544,2.98245614035088,3.56140350877193,3.92982456140351,0.526315789473684,0.578947368421053,-0.228070175438596,-0.491228070175439,0.508771929824561,-0.087719298245614,-0.666666666666667,0.0701754385964912,0.175438596491228,0.456140350877193,0.087719298245614,0,0.0350877192982456,0.0175438596491228,0.0175438596491228,0.245614035087719,0,-0.43859649122807,0.210526315789474,-0.771929824561403,-1.03508771929825,-0.964912280701754,-0.157894736842105,6.29824561403509,4.36842105263158,1.01754385964912,2.43859649122807,1.70175438596491,4.98245614035088,4.75438596491228,5,3.68421052631579,3.24561403508772,1.43859649122807,2.35087719298246,5.03508771929825,1.28070175438596,1.50877192982456,0.421052631578947,1.52631578947368
"United Kingdom",2.76626506024096,2.47871485943775,2.85943775100402,2.60321285140562,2.15341365461847,2.42570281124498,1.83935742971888,2.55020080321285,2.43132530120482,2.16787148594377,2.67389558232932,3.93253012048193,4.13092369477912,0.580722891566265,0.754216867469879,-0.375903614457831,-0.417670682730924,0.443373493975904,-0.0273092369477912,-0.602409638554217,0.125301204819277,0.253815261044177,0.169477911646586,0.0481927710843374,0.0321285140562249,0.0578313253012048,0.207228915662651,0.0337349397590361,0.129317269076305,0.0248995983935743,-0.301204819277108,0.391967871485944,-0.605622489959839,-0.229718875502008,-0.416064257028112,0.110843373493976,6.34377510040161,4.10441767068273,0.579919678714859,2.18313253012048,1.40803212851406,3.96305220883534,2.98393574297189,3.92610441767068,3.05622489959839,3.12610441767068,1.39919678714859,3.5710843373494,4.24658634538153,0.830522088353414,0.509236947791165,0.669076305220884,1.67228915662651
"United Republic of Tanzania",5,1,1,1,4,3,4,5,5,2,1,5,6,-1,2,0,2,0,2,2,0,0,0,0,0,0,0,0,0,1,0,1,0,0,0,1,10,6,3,3,1,5,2,6,3,3,1,2,5,2,2,2,3
"United States of America",3.02929292929293,2.72453102453102,2.71847041847042,2.55440115440115,2.36637806637807,2.3979797979798,1.91659451659452,2.83708513708514,2.65281385281385,2.18369408369408,2.54473304473304,3.83665223665224,4.63520923520923,0.747186147186147,0.942568542568543,-0.596969696969697,-0.441269841269841,0.465800865800866,0.0725829725829726,-0.697546897546898,0.162193362193362,0.149350649350649,0.376623376623377,0.0821067821067821,0.0581529581529582,0.0643578643578644,0.0764790764790765,0.0272727272727273,0.135930735930736,0.0193362193362193,0.12049062049062,0.832178932178932,-0.180663780663781,-0.134487734487734,-0.402453102453102,0.391630591630592,6.23419913419913,4.08023088023088,0.743001443001443,2.31717171717172,1.27431457431457,3.88470418470418,2.55757575757576,3.74184704184704,2.68917748917749,3.1017316017316,1.39451659451659,2.98773448773449,4.55844155844156,1.04862914862915,0.67950937950938,0.807503607503608,1.79393939393939
"Uruguay",2.75,1.75,3,2.5,2.5,2.25,3.25,2.25,2.25,2.5,3,3.5,2.75,1,1,-1,-1,0.5,-1,-1.25,0.25,0,0.25,0,0,0,0.25,0,0.75,0.25,-1.5,0,-1.5,-0.75,0.75,0.5,6.25,5,1.75,2.25,2.25,3,1.5,4,2.75,3,1.5,2.75,5,1.75,1,1,2
"Uzbekistan",4,1,2,1,2,1,1,3,2,2,3,1,3,1,1,0,-1,1,-1,-2,0,0,0,0,0,0,0,0,1,0,0,1,1,-1,0,-2,9,5,2,3,2,6,5,4,4,3,1,1,5,0,1,1,0
"Venezuela",3,2.83333333333333,2.66666666666667,3.33333333333333,2.16666666666667,1.5,2,3,2,1.83333333333333,2.33333333333333,4,4.33333333333333,0.833333333333333,1,0,-0.333333333333333,0.166666666666667,0.833333333333333,-1,0.166666666666667,0.166666666666667,0.666666666666667,0.166666666666667,0,0,0,0,0.166666666666667,0.166666666666667,0.666666666666667,1.5,0.833333333333333,0.5,0,1.16666666666667,6.66666666666667,5,1.66666666666667,2.5,2.66666666666667,3.66666666666667,3.33333333333333,3.33333333333333,3,3.16666666666667,1.66666666666667,3.83333333333333,4.83333333333333,1.66666666666667,1.66666666666667,0.333333333333333,1.66666666666667
"Vietnam",2.43243243243243,2.41891891891892,3.72972972972973,3.14189189189189,1.74324324324324,2.80405405405405,2.45945945945946,2.15540540540541,1.81081081081081,2.64864864864865,3.2972972972973,3.26351351351351,5.02702702702703,0.0202702702702703,0.108108108108108,0.391891891891892,-0.567567567567568,0.5,-0.141891891891892,-0.864864864864865,0.101351351351351,0.114864864864865,0.189189189189189,0.0810810810810811,0.114864864864865,0.0675675675675676,0.0202702702702703,0,0.560810810810811,0.0472972972972973,0.0608108108108108,0.506756756756757,-0.0675675675675676,-0.878378378378378,-0.655405405405405,-0.00675675675675676,6.83783783783784,4.38513513513514,1.17567567567568,2.0472972972973,1.54054054054054,5.19594594594595,4.79054054054054,5.15540540540541,4.08108108108108,3.64864864864865,1.27702702702703,1.59459459459459,4.98648648648649,1.25675675675676,1.47972972972973,0.986486486486487,1.39864864864865
